,,,,,,,,,,,,,,,,,,,,,,,,,,,,,,,,,,,,,,,,,,,,
Theme: Population,,,,,,,,,,,,,,,,,,,,,,,,,,,,,,,,,,,,,,,,,,,,
"Subject: Marital Status, Marriages and Divorces",,,,,,,,,,,,,,,,,,,,,,,,,,,,,,,,,,,,,,,,,,,,
Topic: Marital Status,,,,,,,,,,,,,,,,,,,,,,,,,,,,,,,,,,,,,,,,,,,,
"Table Title: Singapore Residents Aged 20 Years & Over By Sex, Age Group And Marital Status, Annual",,,,,,,,,,,,,,,,,,,,,,,,,,,,,,,,,,,,,,,,,,,,
,,,,,,,,,,,,,,,,,,,,,,,,,,,,,,,,,,,,,,,,,,,,
Data last updated: 30/06/2026,,,,,,,,,,,,,,,,,,,,,,,,,,,,,,,,,,,,,,,,,,,,
Source: SINGAPORE DEPARTMENT OF STATISTICS,,,,,,,,,,,,,,,,,,,,,,,,,,,,,,,,,,,,,,,,,,,,
,,,,,,,,,,,,,,,,,,,,,,,,,,,,,,,,,,,,,,,,,,,,
,,,,,,,,,,,,,,,,,,,,,,,,,,,,,,,,,,,,,,,,,,,,Number
Data Series,2025 ,2024 ,2023 ,2022 ,2021 ,2020 ,2019 ,2018 ,2017 ,2016 ,2015 ,2014 ,2013 ,2012 ,2011 ,2010 ,2009 ,2008 ,2007 ,2006 ,2005 ,2004 ,2003 ,2002 ,2001 ,2000 ,1999 ,1998 ,1997 ,1996 ,1995 ,1994 ,1993 ,1992 ,1991 ,1990 ,1989 ,1988 ,1987 ,1986 ,1985 ,1984 ,1983 ,1980 
Total Aged 20-29 Years,425100,451000,478400,430400,492400,527900,509500,509700,500600,525800,501100,505500,491700,504100,498400,503800,477400,456900,453200,454600,455200,449700,442400,443500,450700,458000,460200,455400,479900,464900,472100,505700,503400,515800,511500,516000,521500,525100,538600,539200,534300,536100,545900,505000
  Single,376500,395200,414900,370600,423700,450000,433100,431200,420500,441200,424200,436500,415400,425200,409200,397100,379700,356200,350000,351100,334900,340800,324700,327900,318400,313200,321900,325800,340800,324800,337100,358200,364400,363600,357900,347900,376200,374500,378500,382400,375700,369600,377400,329600
  Married,47600,54200,61200,57900,67000,74900,74100,76100,77800,81900,73700,67000,73400,75900,85200,102400,94000,97100,100000,100100,116600,105800,114300,113400,129900,140000,136200,127500,137000,138200,132200,144700,136300,149700,151300,163400,142600,147400,157500,154200,155900,164300,166300,172700
  Widowed,300,100,200,300,0,100,100,100,100,200,0,100,0,100,100,200,100,100,100,100,100,200,100,100,100,1700,300,300,100,100,200,200,200,300,200,1800,300,500,300,600,200,300,600,600
  Divorced/Separated,800,1500,2100,1600,1600,3000,2300,2300,2200,2500,3000,1900,2800,3000,3900,4100,3600,3400,3100,3300,3600,3000,3300,2100,2300,3200,1900,1800,2000,1800,2600,2600,2500,2100,2100,2800,2400,2700,2300,2000,2400,2000,1500,2100
Males Aged 20-29 Years,218300,234900,249300,223700,252100,265700,264000,258000,256000,266400,252000,255600,248400,256300,249000,251000,240800,227200,222900,223900,226600,222800,215900,217700,221500,224700,224200,223700,238100,225600,239400,252900,257300,258200,259700,262000,265600,267900,273000,275800,270900,272100,278700,257900
  Single,201500,213300,226300,201700,227800,237600,235100,230000,227300,236100,226700,232700,224300,232400,220200,216000,209900,195500,191700,192700,187900,189900,179700,181700,179600,175900,180900,184400,193200,181900,195000,204900,210500,207600,208100,203500,215500,215600,218700,220700,215100,213300,219000,193400
  Married,16500,21300,22200,21600,23800,27300,28100,27200,28100,29300,24500,22300,23400,23000,27800,33900,30000,31000,30500,30400,37600,32100,35300,35200,41200,46300,42600,38600,44100,43200,43600,47300,45900,50100,51000,56900,49200,51400,53300,54400,55200,58100,59200,63700
  Widowed,100,0,100,100,0,0,0,100,0,0,0,0,0,0,0,0,0,0,0,0,0,0,0,0,100,1500,200,100,0,0,0,0,100,100,0,800,0,100,200,100,0,100,100,100
  Divorced/Separated,300,300,700,300,500,800,800,800,700,1100,800,600,800,800,1100,1100,900,600,800,800,1100,800,900,800,700,1000,500,600,700,600,800,700,700,500,600,800,900,800,800,600,600,600,400,700
Females Aged 20-29 Years,206800,216100,229100,206700,240300,262200,245500,251600,244600,259400,249100,249900,243200,247800,249400,252800,236600,229700,230300,230700,228600,226900,226500,225800,229100,233300,236000,231700,241800,239300,232700,252800,246100,257500,251800,253900,255900,257100,265600,263400,263400,264100,267100,247100
  Single,174900,181900,188600,168900,195900,212400,198000,201200,193200,205200,197500,203800,191100,192800,189100,181100,169800,160700,158300,158400,147000,150900,145000,146200,138800,137200,140900,141400,147500,142900,142100,153300,153900,156000,149800,144400,160700,158900,159800,161700,160600,156300,158400,136100
  Married,31100,32900,39000,36300,43200,47600,46000,48900,49700,52600,49300,44800,50000,52800,57500,68500,64000,66100,69500,69800,79000,73700,78900,78200,88700,93700,93600,88900,92900,95000,88600,97400,90400,99600,100200,106500,93400,95900,104200,99800,100800,106200,107100,109000
  Widowed,200,100,100,100,0,0,100,100,100,200,0,100,0,100,100,100,100,100,100,100,100,200,100,100,100,200,100,100,100,100,200,200,100,200,200,1000,200,400,200,600,200,200,500,500
  Divorced/Separated,500,1200,1400,1300,1200,2200,1500,1500,1600,1500,2200,1200,2100,2200,2800,3000,2600,2800,2400,2500,2500,2100,2500,1300,1600,2200,1400,1200,1300,1300,1900,1900,1700,1700,1500,2000,1600,1900,1500,1400,1800,1300,1100,1500
Total Aged 30-39 Years,620000,607500,608600,616400,638300,597100,572300,569200,570200,558800,571700,566700,574100,575400,588800,609900,594700,582300,594000,582400,592900,575900,596900,602100,597800,591500,604800,598600,597400,604500,594300,583100,562200,559400,548400,545800,501200,497800,479300,451500,432700,407300,371700,318900
  Single,194700,184100,184800,174900,199000,173100,150300,144600,143300,141400,140600,147300,148700,139500,144000,149300,137100,134500,132400,132400,132500,122700,133800,125700,118700,124100,126200,126300,124400,127300,130900,124300,125000,124400,116000,122500,102600,99300,92300,84400,79000,70800,65400,48800
  Married,413600,408900,408300,423000,420500,404300,405700,408400,412200,402800,413100,403100,409700,416800,426500,439700,439100,430800,445800,434300,443600,440100,450500,462800,464300,449900,465600,461200,459100,463200,449600,446600,424400,422600,420800,408500,387700,388300,376900,356800,345000,328200,300000,262800
  Widowed,700,800,1000,1100,900,900,1100,1500,800,600,900,600,600,700,900,1200,1300,900,1200,1600,1400,1600,1300,1400,2300,2300,1400,1800,1800,2100,2400,2100,2600,2800,2700,4800,3600,2700,3100,3100,2700,3000,2800,2800
  Divorced/Separated,11100,13600,14400,17500,17900,18800,15300,14700,13900,14000,17100,15600,15000,18300,17400,19700,17300,16200,14700,14100,15500,11600,11400,12200,12500,15100,11600,9200,12000,11900,11400,10000,10200,9700,8900,9900,7300,7500,6900,7200,6000,5400,3600,4500
Males Aged 30-39 Years,302800,288600,291100,296700,306200,281000,267700,267700,267700,265100,267800,269500,271400,270100,278600,291000,276800,274700,285400,276500,283500,275700,288100,291400,290100,293000,302400,293800,296300,298900,296200,290100,278400,281200,277300,278100,250400,246500,241300,222900,214000,202100,185700,160100
  Single,108100,97500,100500,95800,106300,90800,79900,79500,76300,77100,76700,80600,80900,76000,79700,82500,75400,74000,74800,74100,75300,69500,75800,74200,67800,72800,76700,73600,74000,73200,78900,75000,74900,75100,68500,74100,62500,58200,53900,48100,44500,38500,36200,27500
  Married,190700,185700,185800,195100,193900,183100,182600,184500,186200,182400,185400,183300,184700,187700,192500,201100,195600,194900,204400,197000,202100,201900,207800,212600,217300,213300,221200,216600,217900,221200,212800,211500,199800,202300,205200,198600,184900,185300,184500,172400,167500,161300,147800,130700
  Widowed,300,300,100,300,100,200,200,200,100,100,100,0,100,100,100,200,200,200,200,300,300,200,200,300,700,1100,400,300,300,500,500,400,600,800,700,1700,600,600,600,300,300,600,300,400
  Divorced/Separated,3600,5100,4700,5500,5800,6900,5000,3600,5100,5400,5600,5600,5600,6300,6200,7200,5600,5600,6100,5100,5800,4000,4300,4200,4300,5800,4200,3300,4100,4000,3900,3100,3100,3000,2900,3600,2400,2400,2200,2100,1700,1700,1400,1600
Females Aged 30-39 Years,317200,318900,317500,319700,332100,316100,304700,301500,302400,293700,303900,297200,302700,305300,310200,318900,317900,307600,308600,305900,309500,300300,308900,310800,307700,298500,302400,304800,301100,305600,298100,293000,283900,278200,271200,267700,250800,251300,238100,228700,218700,205200,186000,158800
  Single,86600,86700,84400,79100,92600,82300,70400,65200,67000,64300,63900,66800,67800,63600,64300,66800,61600,60500,57600,58200,57200,53100,57900,51500,50900,51400,49500,52800,50400,54000,52000,49300,50200,49300,47500,48400,40100,41100,38400,36300,34500,32300,29200,21300
  Married,222900,223200,222500,227900,226600,221200,223200,224000,226000,220400,227700,219800,225100,229100,233900,238600,243500,235900,241300,237400,241500,238200,242700,250200,247000,236700,244400,244600,241200,242100,236900,235100,224600,220300,215600,209900,202800,203000,192400,184500,177500,166900,152200,132100
  Widowed,300,500,1000,800,800,700,900,1300,700,500,800,600,500,600,800,1000,1100,700,1000,1400,1100,1300,1200,1100,1600,1200,1100,1500,1500,1600,1800,1700,2000,2000,2000,3100,3000,2100,2600,2700,2400,2400,2400,2400
  Divorced/Separated,7400,8500,9700,11900,12100,12000,10200,11100,8800,8600,11500,10100,9400,12000,11200,12500,11700,10600,8700,8900,9600,7600,7100,7900,8200,9300,7400,5900,7900,7900,7500,6900,7100,6700,6000,6300,4900,5100,4700,5100,4300,3600,2200,2900
Total Aged 40-49 Years,627700,624000,624800,677000,611800,610300,627800,626700,634500,605400,617200,604100,626000,630400,624500,623900,631100,630600,642300,644700,620300,625700,608900,595500,579800,561600,552200,551900,530800,512700,475800,438600,424600,387300,364300,331500,316700,308500,282300,268100,264000,262000,246200,227100
  Single,93300,90000,93000,103800,98900,95300,87300,88900,88300,83400,89900,85500,84900,79800,83000,86300,82300,80600,84400,86000,86300,82700,83800,79400,77400,72700,71500,68100,63200,54400,52600,43300,38600,36500,32200,32900,18600,19600,16700,15600,14900,14000,13400,14100
  Married,499200,495300,493300,527900,475000,474100,498900,495600,510500,485300,489100,485200,506600,514800,506300,502300,515500,518300,526300,525100,502700,512200,498200,488600,474500,459100,455300,460900,445600,434000,401700,375100,366100,330500,312900,281500,280300,272400,250700,236900,234600,234300,219800,199200
  Widowed,2900,4100,4200,4300,3300,4200,4500,5500,4500,4900,4700,4200,4000,5500,7000,5700,5700,5300,6100,6500,6200,7300,6800,6500,6900,7200,8000,8700,8300,9600,8200,8700,9500,9300,8800,9000,9600,9400,8800,9000,8900,8500,10000,9400
  Divorced/Separated,32200,34600,34300,41100,34700,36700,37100,36700,31200,31800,33400,29100,30400,30300,28200,29600,27600,26500,25500,27200,25100,23600,20100,20900,21000,22500,17500,14100,13700,14800,13200,11600,10400,11000,10400,8200,8200,7100,6200,6600,5500,5200,3000,4400
Males Aged 40-49 Years,296400,294500,295900,317900,295600,290100,297700,302700,306000,288600,298000,291400,303300,305900,303900,307800,312600,313500,316000,321200,312600,315500,306900,299200,292400,281800,275600,275400,267600,259400,239200,221300,214500,192200,178400,167500,155800,154900,140000,129100,130400,128800,120900,114300
  Single,44000,41700,43600,46900,42900,44500,39200,43600,40700,39200,42200,40400,41100,38900,40300,43800,42600,42800,43100,44700,43900,44300,43300,40000,38700,36100,34000,31300,31700,26800,24700,20700,18900,17300,14400,16700,9200,10400,8800,7700,7700,7600,7900,8300
  Married,240600,238400,238900,256700,240300,231400,245600,245100,254000,237500,243700,240100,251300,255900,252500,252100,259500,261400,263100,264900,257700,263200,256400,252000,246300,236000,235000,238500,230600,226000,209500,195900,191100,170200,159500,146100,143000,141000,128200,118300,120100,118900,111000,103200
  Widowed,800,1100,1000,1300,500,700,900,1300,900,1000,700,900,900,1000,1100,1100,1000,700,1300,1200,1400,1300,1200,800,1200,1400,1100,1400,1300,1800,1300,1400,1700,1300,1000,1800,1000,1300,1100,900,1000,800,1300,1200
  Divorced/Separated,11000,13200,12400,12900,11800,13600,12000,12600,10400,10900,11400,10000,9900,10000,9900,10800,9600,8500,8500,10300,9600,6800,6000,6400,6200,8200,5500,4300,4000,4700,3800,3400,2900,3400,3500,3000,2500,2200,1900,2100,1600,1600,800,1500
Females Aged 40-49 Years,331300,329500,328900,359200,316300,320200,330100,324000,328400,316900,319200,312700,322700,324500,320700,316200,318500,317100,326300,323600,307700,310200,302000,296300,287400,279900,276700,276400,263100,253400,236500,217300,210100,195000,185900,164000,160900,153600,142300,138900,133500,133200,125300,112800
  Single,49300,48200,49400,56900,55900,50800,48100,45300,47600,44200,47600,45100,43800,40900,42700,42500,39700,37800,41300,41300,42400,38400,40500,39400,38600,36600,37400,36800,31600,27500,28000,22600,19700,19200,17800,16200,9300,9200,7900,7800,7200,6500,5500,5700
  Married,258600,256800,254400,271200,234700,242700,253300,250500,256400,247800,245400,245100,255200,258900,253700,250200,256000,256900,263200,260100,245000,249000,241800,236700,228200,223200,220400,222400,215000,207900,192200,179300,175000,160300,153300,135300,137300,131400,122500,118600,114600,115500,108900,95900
  Widowed,2200,3100,3200,2900,2700,3600,3600,4200,3600,3900,4000,3400,3100,4500,5900,4600,4800,4500,4800,5300,4800,6000,5600,5700,5700,5800,6900,7300,7000,7800,6900,7200,7800,8000,7800,7200,8600,8100,7700,8100,7900,7700,8700,8200
  Divorced/Separated,21300,21300,21900,28100,22900,23200,25100,24100,20800,20900,22100,19200,20500,20300,18300,18800,18100,17900,17000,16800,15500,16800,14100,14500,14800,14300,12000,9900,9600,10100,9400,8200,7600,7600,6900,5300,5700,4900,4300,4400,3800,3600,2200,2900
Total Aged 50-59 Years,620800,606400,630300,615000,547000,600700,628100,615700,592800,621500,616100,614800,599300,585500,577000,556700,531800,518200,514800,500000,458100,440800,413900,385100,344400,330000,318000,303500,287900,258800,254500,261100,255600,253300,243500,217300,224200,208000,203500,202000,192800,184200,181400,159600
  Single,72600,70300,74600,77900,69700,77300,75100,75200,74000,75900,73200,75600,70300,63100,65300,64900,60300,55400,55500,52200,47400,43100,41500,37000,28500,26300,23700,22000,18600,18600,15300,13600,11900,13100,12900,13200,8100,7400,7100,8200,6500,6600,5800,6400
  Married,491300,478600,495600,475300,424500,464400,494700,485200,467200,487600,488500,489100,479100,475300,464000,443200,426500,418000,414500,404000,370900,360900,338300,314300,282800,272500,263800,253400,241100,210600,213400,215100,212300,210300,201900,177700,188400,173900,169400,165200,159100,155300,150600,129200
  Widowed,10600,13800,14200,14700,11700,15200,15900,14800,15300,19600,17600,17000,18400,15800,17900,18600,19000,17700,20200,20200,18700,20200,17900,18900,18900,17700,20500,20100,19900,21300,18400,25700,24100,23800,22100,21900,23100,22700,23300,24300,22700,19700,23000,21200
  Divorced/Separated,46200,43600,45900,47000,41100,43700,42400,40500,36400,38400,36900,33100,31600,31300,29600,30000,26000,27200,24600,23500,21100,16700,16100,15000,14100,13500,9900,8000,8300,8400,7400,6700,7200,6100,6600,4400,4600,4000,3800,4300,4500,2600,2000,2800
Males Aged 50-59 Years,293200,293300,302300,305500,264900,293200,305800,306900,296400,307000,308200,302300,295500,291200,286400,279300,266000,260100,259300,254800,227900,222200,207700,194200,173200,164400,158300,150600,143300,129700,126800,127500,125700,126000,122300,108800,109000,101400,100600,101500,95300,93300,93000,82300
  Single,31800,32600,33600,35600,33100,36600,35800,34900,34200,36900,34900,34300,32300,29400,30200,30300,27600,25700,24400,24500,21100,18700,17000,15700,12200,11200,10100,10300,8800,8800,8100,7100,6300,7100,7300,7800,4000,4000,3800,5000,4000,4000,3600,4200
  Married,244100,239700,248700,249400,213500,237300,251300,254500,247900,252700,256500,253900,249100,247900,243800,235000,225800,222700,222800,219000,196300,194900,182300,170300,153100,145700,142200,135000,128400,114700,113500,114600,114100,113400,109600,95700,100900,93200,92200,92700,86000,85900,84900,74200
  Widowed,2100,4300,3200,3000,2800,2800,2900,3000,2500,3400,3400,3600,3000,3000,3100,3100,3600,2600,3300,3300,2700,3200,2200,2800,2800,2600,2900,2600,3100,3300,2600,3300,3200,3300,2900,3500,2500,2800,3100,2400,3300,2400,3500,2800
  Divorced/Separated,15200,16600,16800,17500,15600,16400,15800,14500,11900,14000,13400,10500,11100,10900,9300,10900,9100,9100,8900,8000,7700,5500,6100,5500,5000,4900,3100,2700,3000,3000,2600,2500,2300,2300,2500,1700,1600,1400,1400,1400,2000,1100,900,1100
Females Aged 50-59 Years,327600,313100,328000,309500,282100,307500,322300,308800,296400,314500,308000,312600,303900,294200,290600,277400,265700,258100,255500,245300,230200,218600,206100,190900,171200,165600,159700,152900,144600,129100,127700,133500,129800,127300,121200,108500,115200,106600,103000,100400,97500,90900,88300,77300
  Single,40900,37700,41000,42300,36500,40700,39300,40300,39900,39000,38300,41300,38100,33700,35200,34500,32700,29700,31100,27800,26300,24400,24500,21400,16300,15100,13700,11700,9800,9800,7200,6500,5700,6000,5600,5400,4100,3300,3300,3200,2500,2600,2200,2200
  Married,247200,238900,246800,225900,211000,227100,243400,230700,219300,234900,232000,235200,230000,227300,220300,208200,200700,195300,191800,185100,174500,166000,156000,144000,129700,126800,121600,118300,112700,95800,99900,100500,98200,96900,92300,82000,87500,80700,77200,72500,73100,69400,65700,54900
  Widowed,8500,9400,11000,11700,9000,12300,13000,11800,12800,16100,14200,13400,15300,12800,14900,15500,15500,15100,16900,16900,16000,16900,15700,16100,16100,15200,17600,17500,16900,18000,15800,22400,21000,20500,19200,18400,20500,20000,20100,21800,19400,17300,19400,18400
  Divorced/Separated,31000,27000,29100,29500,25600,27300,26700,26100,24400,24500,23500,22600,20500,20400,20300,19200,16900,18000,15700,15500,13400,11300,9900,9400,9100,8600,6800,5300,5300,5500,4800,4100,5000,3800,4100,2700,3100,2600,2300,2900,2500,1500,1000,1700
Total Aged 60-69 Years,588600,579700,552500,545900,549100,515400,491100,481400,473800,464900,433900,426100,381900,357100,333800,310000,302000,277400,262000,250000,223500,234400,236600,220800,208400,198300,198800,185300,179700,174400,176000,167600,162800,156400,149200,142500,138200,128600,124100,121200,117600,112700,112700,106900
  Single,63100,63300,55200,62800,61400,54900,54500,50700,47100,46500,39500,38900,32700,30200,24100,23400,20400,19000,17500,16400,12900,13300,13200,11000,10100,9800,9500,7900,7700,8100,6900,6500,6100,6200,5100,6400,4300,3600,3200,3800,3800,3600,3800,4900
  Married,448000,448700,427500,410400,419400,389200,370400,364400,358000,351700,331200,328200,291500,274300,259900,235900,232300,210000,196100,189500,170300,174200,174100,165900,152400,147900,141300,135800,131500,122700,128700,116600,117400,107400,105100,97000,96400,89500,87900,84900,83300,81600,78500,70400
  Widowed,38600,31200,31700,36900,37100,38500,35800,38900,43000,42400,40500,36700,37400,34000,32600,36600,35400,36800,37200,35100,32600,39000,41700,37900,39700,35000,43500,38400,38000,40500,37400,41500,36400,40000,36200,37400,35100,33400,30800,30900,28800,26500,29700,30200
  Divorced/Separated,38800,36500,38100,35800,31200,32800,30400,27400,25800,24200,22700,22300,20200,18600,17300,14100,13800,11600,11300,8900,7800,7900,7500,6000,6200,5600,4400,3200,2500,3100,3100,2900,2900,2800,2900,1800,2300,2100,2200,1600,1700,1000,700,1300
Males Aged 60-69 Years,286100,282000,270300,268000,268900,251300,244600,235400,229900,229100,211600,208500,189100,174500,164900,150900,144800,133900,126000,120100,107200,112600,112200,105900,99100,95100,94200,88700,86800,84700,84800,81600,79500,77200,74100,70200,65900,62800,61500,59400,57900,55100,56800,52500
  Single,26300,28000,24200,26100,26700,23500,23200,20000,19200,17600,15900,14800,13000,12500,9800,10000,8200,9200,7300,7300,6000,6300,5900,5700,4900,5100,4600,4300,4200,4900,4300,3900,3800,4200,2800,4200,2400,2000,2000,2100,2000,1700,2200,2400
  Married,236900,232500,224800,219800,222400,208200,204000,197900,193500,193300,180800,179800,162700,150800,144300,130300,125300,116000,108200,104900,94100,98600,97400,92100,86600,83000,81300,77100,76100,71500,74000,70000,69900,65200,64000,58300,57600,55100,54400,51600,50700,49300,49700,44500
  Widowed,7900,6700,6200,8600,7900,7700,7600,8100,8000,8700,6800,6300,6200,4600,5000,5600,5800,5000,6500,5100,4300,4900,6000,5900,5400,4800,6400,6300,5400,6800,5300,6500,4600,6700,6300,6900,5200,4900,4100,4900,4500,3800,4600,5100
  Divorced/Separated,15000,14900,15000,13600,11800,11900,9800,9400,9200,9500,8200,7700,7200,6500,5800,5100,5500,3700,3900,2900,2800,2700,2800,2100,2200,2200,1900,1000,1000,1400,1100,1200,1200,1100,1000,700,700,800,1000,700,800,300,300,600
Females Aged 60-69 Years,302400,297700,282200,277900,280200,264100,246500,246000,243900,235800,222300,217600,192800,182700,168900,159100,157200,143500,136000,129900,116300,121800,124500,114900,109300,103100,104500,96500,92900,89800,91200,86000,83400,79200,75100,72300,72300,65800,62600,61800,59700,57600,55900,54300
  Single,36800,35400,30900,36700,34700,31400,31300,30700,27900,28800,23600,24100,19800,17700,14300,13400,12200,9800,10100,9100,6900,7000,7300,5400,5100,4700,4900,3600,3600,3200,2600,2500,2300,2100,2300,2100,1900,1600,1200,1600,1800,1900,1600,2500
  Married,211200,216300,202700,190600,196900,181000,166400,166600,164400,158400,150400,148400,128800,123500,115600,105600,107000,94000,87900,84600,76200,75500,76700,73700,65800,64900,60000,58700,55400,51100,54600,46600,47500,42200,41100,38700,38800,34300,33500,33400,32600,32200,28800,26000
  Widowed,30700,24500,25500,28300,29100,30800,28300,30900,35000,33800,33800,30400,31200,29400,27500,31100,29700,31900,30600,30100,28300,34100,35700,32000,34300,30100,37200,32000,32500,33700,32100,35100,31900,33300,29800,30500,30000,28500,26600,26000,24300,22600,25100,25100
  Divorced/Separated,23800,21600,23100,22200,19400,20900,20600,17900,16600,14700,14500,14600,13000,12000,11500,9000,8300,7900,7400,6100,5000,5200,4800,3800,4000,3400,2500,2200,1500,1700,2000,1800,1700,1700,1900,1000,1700,1300,1200,800,900,800,400,700
Total Aged 70 Years & Over,540600,508600,450000,418700,380400,389600,353700,334800,335400,293900,281300,291700,267000,256700,249300,230500,227500,206600,205700,202300,180800,177700,175900,163000,155100,143700,143600,140400,126700,125800,121200,110900,108400,103400,102100,104300,89100,81600,83000,84300,79100,77800,72200,63500
  Single,33500,33200,25000,27400,27500,22200,18900,18100,15800,13000,12800,13600,11500,11200,9800,9300,7900,7100,6800,6900,5600,6500,5800,5500,5000,3900,4600,4200,3400,2900,3700,3800,3400,3100,2900,4600,2800,2300,2300,3300,2900,2900,2700,3300
  Married,340400,324600,289100,257200,236100,228300,211500,196700,192700,165100,149700,167200,150900,141700,133700,120400,123600,108800,103700,104000,95600,85300,84100,76800,70700,72700,65800,69600,61800,58300,57100,50500,52000,47100,46500,46600,41100,39300,39400,40100,39700,39600,33700,27000
  Widowed,143700,132500,116600,113200,103000,124400,110400,109500,116500,106900,108300,102400,97500,96200,99200,95200,91100,86000,90900,86700,76300,82500,82800,78500,77100,65300,71300,64500,60300,63000,59300,55000,51900,52100,51300,52400,44500,39400,40600,40200,35900,34900,35700,32800
  Divorced/Separated,23100,18300,19400,21000,13800,14700,12900,10500,10400,8900,10500,8500,7100,7700,6600,5600,4900,4700,4300,4700,3300,3400,3300,2200,2300,1900,1900,2000,1300,1700,1200,1600,1200,1000,1400,700,800,600,800,600,600,500,200,500
Males Aged 70 Years & Over,244200,228900,199700,186900,171200,170500,154000,143400,146300,123800,120100,126300,114500,110900,106200,97200,98300,89300,85400,86000,75800,73400,75100,69200,63900,60500,62800,59800,52600,54300,51400,48000,49300,44000,43100,44500,37800,35700,35200,36100,35200,32900,31200,27100
  Single,10300,10800,7700,9400,9900,8600,6800,6400,5900,5300,5000,5300,4800,4400,4300,4500,3300,3500,3100,3000,2800,3300,3000,2500,1700,2000,2200,2200,1700,1700,2000,2000,1700,1200,1200,2100,1000,800,1100,1300,1100,1000,900,1300
  Married,197400,180500,162300,152300,137700,135800,123100,115900,116500,98600,93800,101500,91800,86700,83300,75800,77100,70000,65500,67100,59200,56000,56100,52000,48200,46500,46200,44700,39500,40200,38700,35400,36500,32000,32000,30800,28000,27200,26800,27600,26800,25800,23400,19100
  Widowed,28400,31400,22000,17400,18300,20800,19500,17900,20300,16700,18000,16500,15500,16900,16400,14800,16200,14100,15200,14300,12400,12900,14900,13700,13000,11200,13600,11900,10800,11500,10200,10100,10500,10200,9300,11300,8500,7500,7000,6800,7100,5900,6700,6400
  Divorced/Separated,8100,6100,7800,7800,5300,5300,4600,3200,3600,3200,3400,2900,2400,2900,2300,2100,1700,1700,1600,1500,1500,1200,1100,1000,1100,700,900,1000,600,800,500,500,600,600,600,300,300,300,300,300,300,300,100,300
Females Aged 70 Years & Over,296400,279800,250300,231800,209200,219100,199800,191400,189200,170100,161200,165400,152500,145800,143100,133300,129200,117300,120300,116400,105000,104300,100800,93800,91200,83200,80800,80600,74100,71600,69800,63000,59200,59300,59100,59800,51400,45900,47800,48200,43900,44900,41100,36500
  Single,23200,22400,17300,18000,17500,13600,12100,11700,9900,7700,7800,8300,6700,6800,5500,4800,4600,3600,3600,3900,2700,3200,2800,2900,3300,1900,2400,2000,1700,1100,1700,1800,1700,1900,1800,2600,1800,1500,1200,2000,1800,1900,1800,2000
  Married,142900,144100,126800,104900,98400,92500,88400,80800,76200,66500,55900,65700,59100,54900,50400,44600,46500,38800,38200,36900,36500,29300,28000,24800,22500,26100,19700,24900,22300,18000,18400,15200,15500,15200,14500,15800,13100,12100,12600,12500,13000,13800,10300,7900
  Widowed,115300,101100,94500,95800,84700,103600,91000,91700,96300,90200,90300,85800,82000,79300,82800,80400,74900,71900,75700,72400,64000,69600,67900,64800,64100,54100,57700,52600,49400,51500,49000,44900,41400,41900,42100,41100,36000,31900,33600,33500,28800,29000,28900,26400
  Divorced/Separated,15000,12100,11600,13100,8500,9400,8200,7200,6800,5700,7100,5600,4700,4800,4300,3500,3200,2900,2800,3200,1800,2200,2200,1200,1300,1100,1000,1000,700,900,600,1000,600,500,700,400,500,300,500,300,300,200,0,200
,,,,,,,,,,,,,,,,,,,,,,,,,,,,,,,,,,,,,,,,,,,,
Definitions and Footnotes:,,,,,,,,,,,,,,,,,,,,,,,,,,,,,,,,,,,,,,,,,,,,
"Data for 1980, 1990, 2000, 2010 and 2020 are based on the Census of Population while data for 1995, 2005, 2015 and 2025 are based on the General Household Survey.  Data for all other years are based on the Comprehensive June Labour Force Survey.  Survey estimates are subject to sampling variability.",,,,,,,,,,,,,,,,,,,,,,,,,,,,,,,,,,,,,,,,,,,,
,,,,,,,,,,,,,,,,,,,,,,,,,,,,,,,,,,,,,,,,,,,,
Marital Status:,,,,,,,,,,,,,,,,,,,,,,,,,,,,,,,,,,,,,,,,,,,,
"Marital status refers to a person's conjugal status in relation to the marriage laws or customs in Singapore. Single: This refers to persons who have never been married. Married: This refers to persons who are legally married or married according to customary rites. Widowed: This refers to persons whose spouses are deceased and have not remarried. Divorced/Separated: This refers to persons whose marriages have been legally dissolved, or persons who have been legally separated or estranged from their spouses and who have not remarried.",,,,,,,,,,,,,,,,,,,,,,,,,,,,,,,,,,,,,,,,,,,,
Singapore Residents:,,,,,,,,,,,,,,,,,,,,,,,,,,,,,,,,,,,,,,,,,,,,
Singapore residents comprises Singapore citizens and permanent residents. The latter group refers to non-citizens who have been granted permanent residence in Singapore.,,,,,,,,,,,,,,,,,,,,,,,,,,,,,,,,,,,,,,,,,,,,
,,,,,,,,,,,,,,,,,,,,,,,,,,,,,,,,,,,,,,,,,,,,
Notation:,,,,,,,,,,,,,,,,,,,,,,,,,,,,,,,,,,,,,,,,,,,,
na   not available or not applicable,,,,,,,,,,,,,,,,,,,,,,,,,,,,,,,,,,,,,,,,,,,,
nec  not elsewhere classified,,,,,,,,,,,,,,,,,,,,,,,,,,,,,,,,,,,,,,,,,,,,
nes  not elsewhere specified,,,,,,,,,,,,,,,,,,,,,,,,,,,,,,,,,,,,,,,,,,,,
 -     nil or negligible or not significant,,,,,,,,,,,,,,,,,,,,,,,,,,,,,,,,,,,,,,,,,,,,
Notes,,,,,,,,,,,,,,,,,,,,,,,,,,,,,,,,,,,,,,,,,,,,
Numbers may not add up to the totals due to rounding.,,,,,,,,,,,,,,,,,,,,,,,,,,,,,,,,,,,,,,,,,,,,
"Data are the latest available at the time of access or download. Some statistics, particularly those for the most recent time periods, are provisional and may be subject to revision at a later date.",,,,,,,,,,,,,,,,,,,,,,,,,,,,,,,,,,,,,,,,,,,,
Values are shown in Singapore dollars (unless otherwise specified).,,,,,,,,,,,,,,,,,,,,,,,,,,,,,,,,,,,,,,,,,,,,
,,,,,,,,,,,,,,,,,,,,,,,,,,,,,,,,,,,,,,,,,,,,
Generated by: SingStat Table Builder,,,,,,,,,,,,,,,,,,,,,,,,,,,,,,,,,,,,,,,,,,,,
Date generated: 22/07/2026,,,,,,,,,,,,,,,,,,,,,,,,,,,,,,,,,,,,,,,,,,,,
Contact: info@singstat.gov.sg,,,,,,,,,,,,,,,,,,,,,,,,,,,,,,,,,,,,,,,,,,,,