DataSeries,2025,2024,2023,2022,2021,2020,2019,2018,2017,2016,2015,2014,2013,2012,2011,2010,2009,2008,2007,2006,2005,2004,2003,2002,2001,2000,1999,1998,1997,1996,1995,1994,1993,1992,1991,1990
Total Resident Participation Rate,67.9,68.2,68.6,70,70.5,68.1,68,67.7,67.7,68,68.3,67,66.7,66.6,66.1,66.2,65.4,65.6,65,65,63,63.3,63.2,63.6,64.4,63.2,64.1,63.1,63.7,64.1,61.9,63.8,63.4,63.9,63.7,63.2
    15 - 19 Years,13.4,12.8,15.7,15.8,15.7,13.8,15.1,15.2,14.2,15.3,15.8,12.3,11.8,12.4,12.3,15.4,11.8,12.8,13.6,12.4,9.8,12.1,11.5,11.9,15.8,14,16.1,13.5,15.5,18.8,16.8,21.6,23.7,27,28.5,25.1
    20 - 24 Years,54,54.3,55.9,57.3,62.4,56,61,61.3,62.2,62.3,65.3,61.8,61.7,63.6,62.8,65.8,63.5,66.5,66.6,70.7,61.7,66.9,67.1,65.2,68.9,66,70.7,68.4,71.7,74.4,74,76.7,78.1,78.8,81,79.1
    25 - 29 Years,90,90.1,88.5,89.3,90.4,90.4,90.1,90,90.2,90.3,90.3,89,88.5,88.3,89.2,89.4,89.3,88.7,90.1,89,87.9,87.9,88.7,87.9,88.5,88,87.1,86.8,87.5,87.4,85.5,86.4,85.7,86.1,85.2,84.8
    30 - 34 Years,93.4,94.1,93.4,93.7,93.4,92.3,92.3,91,91.8,90.8,90.2,89.9,90.1,89.8,88.6,89,88.3,88.6,87.9,87.2,86.5,85.6,85.8,84.4,84.2,83.7,83.4,82.7,82.2,82,79,80.1,80,81,79.5,79
    35 - 39 Years,93.3,92.8,92.3,91.7,91.2,90.4,89.6,89,89.8,89.7,89.1,88.8,88,88,87.3,86.2,85.8,85.6,84.6,83.8,82.6,82.1,81.6,80.2,80.4,79.8,79.3,80.2,78.5,79.1,77.2,78.1,77.4,77,77.6,76.4
    40 - 44 Years,91.1,91.1,90.5,89.8,90.6,89,88.7,88.8,87.7,88.2,87.6,87.1,85.7,85.4,84.9,84.4,84.4,83.3,82.9,82.5,81.2,80.8,80.1,80.1,80.1,78.7,78.8,78.8,77.9,77.5,76.1,76.7,76.4,76.2,75.9,75.2
    45 - 49 Years,88.3,89.1,89.1,89.1,88.3,87.4,87.9,86.5,86.8,86.3,85.9,84.7,84.5,84.4,83.7,82.4,82.1,82.8,80.9,81.4,78.8,79.2,77.6,78.2,78.9,76.9,78.2,76.5,76.2,75.8,73.8,73.9,73.3,71.5,70.4,70.3
    50 - 54 Years,85.9,86,84.2,84.2,84.8,82.2,82.3,82,82.8,81.4,82.4,81.8,80,79.5,79.7,78.6,78.1,77.5,77.3,76.8,72.3,73.4,73.1,72.5,71.4,69.1,69.5,68.9,69.1,68,64.1,64.3,63.5,62.5,63.2,61.9
    55 - 59 Years,77.7,77.5,77.1,78,77.7,75.9,75,75.1,74.9,75.8,75.5,74.3,73.2,72.4,70.2,68.3,68.4,66.6,66,63.5,57.8,59.1,57.5,58.7,55.6,52.4,54.1,53.4,51,52.9,48.7,49.6,47,46.9,46.1,45.4
    60 - 64 Years,68.4,67.9,66.6,67.5,65.9,65,63.9,62.2,63.6,62.8,62.4,61.2,59.7,58.1,54.7,51,50.6,48.8,46.7,43.9,36.6,35.1,34.2,35.4,35.6,32.8,34.8,30.9,32.4,31.6,28.6,30.8,30.4,30.5,29.9,31.3
    65 - 69 Years,50.2,50.5,49.6,49.4,50.9,48.7,46.1,45.3,43.4,43.2,42.2,41.2,40.2,38.6,36.2,30.9,29.9,27.5,26.6,25.3,20.7,18.9,19.5,19.6,20.7,18.6,20.5,18.2,20.9,20.9,17.7,20.4,19.1,20.7,17.5,22.2
    70 - 74 Years,33.6,35,32.9,33.3,31.8,31,28.8,28.3,28,26.8,24.9,25.7,24.2,21.9,20.4,18.7,16.8,15.1,12.2,13.2,9.7,8.9,10.2,10.1,10.6,9.4,11.3,10.6,10,11.6,9.5,12.7,12,12.1,10.3,14
    75 Years & Over,15,13.8,11.8,12.1,11.8,10.2,9.5,9.4,9.1,8.4,8.8,8.4,7.6,6.7,6.4,5.4,5.7,5.4,5,3.9,3.4,2.6,3.4,4.2,4,3.3,4.8,3,4,4.5,3.5,5.6,4.7,4.7,4.8,6.6
    65 Years & Over,32.3,32.5,31.5,32.1,32.9,30.1,28.7,27.8,26.8,26.5,25.8,25.2,23.8,22,20.4,17.6,17.2,16.1,14.8,14.3,11.4,10.4,11.2,11.5,11.8,10.8,12.4,10.7,12.1,12.7,10.6,13.4,12.3,12.8,11.1,14.3
    15 - 24 Years,33.7,33.7,36.5,37.7,41.3,36,38.3,38.1,38.2,39.4,40.6,37.5,36.2,37.8,36.7,39.2,35.6,37.1,36.9,38.9,34.1,38.1,38,38.1,41.4,39.3,na,na,na,na,na,na,na,na,na,na
    25 - 64 Years,85.9,86,85.2,85.5,85.4,84.1,83.8,83.1,83.6,83.3,83.1,82.3,81.7,81.4,80.7,80,79.9,79.7,79.2,78.7,76.6,76.4,76,75.9,76.2,75.1,na,na,na,na,na,na,na,na,na,na
Male Resident Participation Rate,73.6,74,74.9,77,77.2,75.4,75.4,75.6,76,76.2,76.7,75.9,75.8,76,75.6,76.5,76.3,76.1,76.3,76.2,74.4,75.7,76.1,77.2,77.7,76.6,77.8,77.4,78.2,78.7,77.2,79.2,78.8,79.4,79.4,77.5
    15 - 19 Years,16.2,15.7,16.3,19.4,17.6,16.8,17.5,18.4,18,18,18.3,14.9,13.2,13.8,14.6,17.5,13,13.9,15.2,12.6,10.6,12.4,12.6,12.8,17.2,14.4,17.3,15.7,16.7,21.5,18.6,22.5,23.9,28.6,30,25.5
    20 - 24 Years,53,55.7,55.4,57.4,59,54.9,59.3,60.3,62.7,62.6,64.4,63.6,63.2,64.5,63.2,66.2,65.2,66.1,67.5,71.4,61.2,68.6,68.3,67.5,69.6,65,70.3,69.2,71.6,74.2,74.8,78,80.2,81,82.2,80.5
    25 - 29 Years,87,87.2,86.4,87.5,90.2,89.7,90,90.7,90.7,90,90.9,89.4,89,89.9,91.8,93.3,93.3,93.3,93.6,94,91.3,92.3,94,94.1,94.8,94.3,94.1,94.4,94.8,96.5,94.5,96,96,97,96.9,94.3
    30 - 34 Years,96.2,96.4,96.1,97.6,97,96.8,96.8,97.8,97.4,97,97.4,97.5,97.2,97.2,97.4,97.7,97.7,98.1,98.3,98,97.3,98,98.5,98.3,98.2,97.5,98.1,98.4,98.5,98.3,97.1,98.3,98.5,98.7,98.7,95.1
    35 - 39 Years,96.4,97.8,97.1,98,97.4,97.2,97.8,97.2,97.6,97.8,97.5,97.2,97.5,98.2,97.7,98,97.8,97.7,98.1,98.2,97.2,97.7,98.2,98.3,98.6,97.7,98.2,98.8,98.4,98.2,97.7,98.8,98.4,98.5,99.1,96.2
    40 - 44 Years,97.2,96.7,97.1,97.4,97.1,97.4,97.3,97.2,97,97.2,97.1,96.8,97.1,97.1,97.1,96.8,97.8,97.5,97.2,97.7,96.4,97.3,97.2,97.7,98.1,97.2,97.6,98.2,98,98.2,97.5,98.7,98.1,98.3,98.4,96.6
    45 - 49 Years,95.6,96.5,96.7,96.1,96.3,96.1,96,95.4,96.6,96.3,96.9,96.4,96.1,95.6,96,96.1,96.4,96.6,96.6,96.5,94.9,96.5,96,96.8,96.5,96.1,96.9,97.2,96.9,96.8,96.3,97.1,96.7,96.1,96.5,94.6
    50 - 54 Years,94.2,92.8,93.7,93.8,94.2,93.2,93.9,92.8,94.4,92.9,94.2,93.8,94,93.8,93.5,92.6,93.5,93,94,93.3,90.8,93.2,91.9,92.1,90.8,91,92.2,91.6,92.6,91.2,89.9,91.2,90.2,89.2,92.5,87.9
    55 - 59 Years,87.5,87.9,88.2,88.6,89.5,87.1,87.3,88,88,88.7,88.2,87.5,87.6,88.5,85.7,85,86.8,84.9,84.5,81.9,76.6,78.3,78.7,79.4,74.3,74.2,76.4,76.6,76.1,77.4,72.1,74.5,71.7,70.9,70.7,68.5
    60 - 64 Years,79.1,78.6,78.6,79.2,79.2,77.8,76.7,75.7,77.8,76.9,77.2,77,75,74.6,71.1,67.5,69.5,64.7,65.5,62.5,52.5,52.4,50.4,53.5,54.1,50.4,51.8,49.1,49.8,48.8,46.2,49,50.4,49,46.8,49.1
    65 - 69 Years,60.2,60.7,60.6,59.8,61.1,59.8,57.6,57.3,54.8,55.7,54.5,54.1,53.4,52.6,49.1,43.7,43.6,40.1,38.7,36,32.6,29.3,31.1,31.9,33.4,30.3,33.3,29.4,34.5,34.1,29.8,34.1,33.1,34.2,29.7,35
    70 - 74 Years,41.2,43.2,41.1,42.1,41.3,40.8,38.6,37.3,39.3,35.4,34.5,37.3,35.8,32.1,31.1,27.3,25.2,23.4,19.5,20,16.1,13.9,17.5,16.4,18.3,16.3,18.9,18.8,16.1,19,15.5,21.7,20.7,20.5,17.4,23
    75 Years & Over,20.1,18.2,17.4,17,17.2,14.9,14.8,14.4,14.9,13.4,13.8,13.6,12.5,11.5,11.1,9.8,10.6,9.4,8.6,6.8,6.6,5,6.7,7.9,7.9,6.4,9.5,5.3,7.8,8.9,6.6,11.7,8.5,9.7,9.4,11.9
    65 Years & Over,40.4,40.8,41,41.5,42.8,40.1,38.7,38.2,37.1,37,36,36,34.9,32.4,30.9,27.3,27.1,25,23.5,22,19.3,17.4,19.2,19.8,20.8,18.9,21.5,18.7,21.2,21.9,18.8,23.9,22,22.9,19.9,24.2
    15 - 24 Years,34.5,36.2,36.8,40.1,40.4,36.6,38.6,39.2,40.5,41,41.3,39.5,37.7,39.1,37.6,40.7,37.4,37.5,37.9,39.1,34.3,39.1,38.8,39.6,42.4,38.7,na,na,na,na,na,na,na,na,na,na
    25 - 64 Years,91.8,91.8,91.8,92.5,92.7,92,92,92,92.7,92.2,92.7,92.2,92.2,92.5,92.1,92.1,92.9,92.5,93,92.7,90.5,91.6,91.7,92.4,92.4,91.8,na,na,na,na,na,na,na,na,na,na
Female Resident Participation Rate,62.5,62.8,62.6,63.4,64.2,61.2,61.1,60.2,59.8,60.4,60.4,58.6,58.1,57.7,57,56.5,55.2,55.6,54.2,54.3,52,51.3,50.9,50.6,51.6,50.2,50.7,49.4,49.5,49.9,46.8,48.6,48,48.6,48,48.8
    15 - 19 Years,10.3,9.6,15.1,12.3,13.7,10.6,12.4,11.6,10.2,12.4,13.1,9.6,10.2,10.9,9.8,13.1,10.4,11.6,11.8,12.1,9,11.8,10.2,10.8,14.3,13.5,14.8,11.1,14.3,15.9,14.8,20.6,23.4,25.3,26.9,24.7
    20 - 24 Years,55.1,52.7,56.5,57.1,66.1,57.3,62.9,62.4,61.6,62,66.3,59.8,59.9,62.6,62.5,65.3,61.8,67,65.6,70,62.2,65.1,65.9,62.8,68.2,67,71.1,67.6,71.9,74.5,73.2,75.4,75.8,76.6,79.7,77.5
    25 - 29 Years,93,93,90.7,91.1,90.5,91.1,90.1,89.4,89.6,90.6,89.7,88.6,88,86.8,86.7,85.7,85.5,84.5,86.9,84.5,84.7,83.8,84.1,82.4,82.9,82.1,80.8,80,80.7,79.4,76.5,76.8,75.1,75.3,73.4,75
    30 - 34 Years,90.6,92,90.8,90,90.1,88.2,88.3,84.9,86.9,85.3,83.9,83.3,83.7,83.3,81,81.3,79.9,80.5,78.6,77.7,76.8,74.6,74.4,72.2,71.4,70.7,69.3,68.2,66.6,66.7,61.4,62.5,62.1,62.7,60,62.3
    35 - 39 Years,90.3,88.3,87.9,86,85.4,84.4,82.7,81.8,82.9,82.3,81.7,80.9,79.4,78.9,77.6,75.2,75.5,74.4,71.7,70.4,69,67.4,65.5,62.2,62.6,61.6,59.8,61.5,58.5,59.8,56.4,57.2,56.4,55.8,55.3,55.7
    40 - 44 Years,85.7,86.2,84.6,83.2,84.7,81.4,81.2,81,78.9,80.2,78.9,78.1,75.4,74.8,73.9,72.7,71.3,69.9,69.1,67.7,65.6,63.9,62.7,62.1,61.9,60,60.1,59.5,57.6,56.5,54,54.3,54.1,54.3,53.8,53.3
    45 - 49 Years,81.7,82.5,82.3,82.7,80.6,78.8,80.3,78.1,77.7,77.2,75.5,73.7,73.1,73.4,71.5,68.9,67.9,68.7,65.7,66.2,62.7,61.7,58.9,59.8,60.8,57.5,59.6,55.8,55.1,54.1,51.5,50.2,49.4,47.6,46.1,45.7
    50 - 54 Years,78.6,79.8,75.5,75.2,76.2,71.6,71.3,71.5,71.2,70.3,70.6,70.4,66.5,65.6,66.1,64.9,63,62,60.5,59.5,54,52.9,54.1,51.8,51.2,47.3,46.7,46.5,44.9,44.3,38.1,38.3,37.1,36.5,33.8,35.5
    55 - 59 Years,69,67.7,66.6,67.1,66.6,64.8,63.3,62.1,61.8,63.1,62.8,61.4,59.1,56.2,55.1,51.7,49.5,48,46.9,44.7,39.4,40.1,36.2,38.8,37.7,31,32.4,30.4,27.2,28.8,25.9,26.1,23.8,22.5,21,22.4
    60 - 64 Years,58,57.7,55.2,56.1,53.6,52.6,50.8,49.4,49.9,48.8,47.7,45.5,44.2,41.7,38.4,35.4,33,33.1,29.2,26.2,21.3,18.4,18.9,19,18.6,16.3,19.4,13.9,15.4,14.9,11.7,12.9,10.6,12.5,12.4,13.9
    65 - 69 Years,41,41.1,39,39.4,40.6,38.2,35.3,33.7,32.9,31.4,31.1,29.5,27.9,26.3,23.9,19.1,17.7,16.6,15.6,15.6,10.4,9.7,9.6,8,9.5,7.9,9.1,8.2,8.8,8.8,6.8,8,6.4,7.3,6.3,9.9
    70 - 74 Years,26.9,27.7,25.4,24.8,22.7,21.9,20.4,20.3,18.1,19.3,16.5,15.6,14.1,13.4,11.3,11.3,9.3,7.9,6.4,7.7,4.5,4.8,4.3,4.9,4.5,3.8,4.4,3.7,5.1,5.2,4,4.8,3.4,5.4,4.3,6.4
    75 Years & Over,11.1,10.4,7.9,8.7,7.9,7,5.8,6.1,5,5.1,5.5,4.7,4.2,3.4,3.3,2.7,2.4,2.7,2.7,2,1.2,1,1.1,1.7,1.5,1.2,1.5,1.4,1.5,1.6,1.5,1.5,1.9,1.1,1.9,2.9
    65 Years & Over,25.3,25.4,23.2,24,24.2,21.7,20.2,19.2,18.2,18,17.6,16.3,14.8,13.7,11.9,10,9.3,8.9,8,8.3,5.3,5.1,5,4.7,5,4.3,5,4.4,5.1,5.1,4.1,4.8,4,4.5,4.1,6.2
    15 - 24 Years,32.9,31,36.2,35.1,42.3,35.4,37.9,36.9,35.7,37.7,39.8,35.4,34.5,36.4,35.7,37.5,33.7,36.7,35.7,38.7,34,37,37.1,36.4,40.4,40,na,na,na,na,na,na,na,na,na,na
    25 - 64 Years,80.5,80.7,79,78.9,78.6,76.6,76.1,74.8,75.1,74.9,74.1,73,71.7,70.9,69.9,68.4,67.6,67.4,66,65.3,63,61.6,60.8,60,60.6,58.7,na,na,na,na,na,na,na,na,na,na
